,name,rating,region,"price, kr.",light-bold,smooth-tannic,dry-sweet,soft-acidic,winery
0,Raro Cabernet Sauvignon Selezione ,4.9,Veneto,2050.86 ,69.71300000000001,37.5278,15.5,18.3148,Marion
1,Barolo Riserva Monfortino ,4.9,Barolo,11500 ,59.1076,77.7688,7.157769999999999,80.4995,Giacomo Conterno
2,La Fabriseria Amarone della Valpolicella Classico ,4.9,Amarone della Valpolicella Classico,1100 ,82.5,25.1326,43.997,25.0195,Tedeschi
3,Barolo Lazzarito ,4.9,Barolo,1251.36 ,58.8094,75.3291,4.64819,79.9921,Vietti
4,Basaltico Amarone della Valpolicella ,4.9,Amarone della Valpolicella,825 ,82.5,17.4018,45.4276,17.8641,Ernesto Ruffo
5,Barolo Riserva Bussia  Dì ,4.9,Barolo,551.19 ,60.4817,75.0835,1.09214,79.7477,Giacomo Fenocchio
6,Toscana ,4.8,Toscana,7500 ,53.251999999999995,43.3563,15.148299999999999,43.6284,Masseto
7,Sassicaia ,4.8,Bolgheri Sassicaia,10022.04 ,59.3826,62.306,8.3242,52.3703,Tenuta San Guido
8,Case Basse Sangiovese Toscana ,4.8,Toscana,3071.09 ,43.0689,37.0138,17.1554,47.6003,Soldera
9,Amarone della Valpolicella Classico ,4.8,Amarone della Valpolicella Classico,1597.34 ,79.7484,23.896,47.6406,24.0069,Quintarelli Giuseppe
10,La Mattonara Amarone della Valpolicella Classico Riserva ,4.8,Amarone della Valpolicella Classico,1861.39 ,81.9,21.1774,47.4391,22.2806,Zýmē
11,Amarone della Valpolicella Classico Superiore ,4.8,Amarone della Valpolicella Classico,3414.43 ,75.7931,17.7669,46.7746,16.82,Quintarelli Giuseppe
12,Amarone della Valpolicella Classico Riserva ,4.8,Amarone della Valpolicella Classico,7448.56 ,82.5,23.5082,52.0732,25.6912,Quintarelli Giuseppe
13,Sorì Tildìn (Barbaresco) Langhe ,4.8,Langhe,5165.20 ,61.2827,66.9635,6.590489999999999,82.5,Gaja
14,Amarone della Valpolicella Monte Lodoletta ,4.8,Amarone della Valpolicella,4022.22 ,82.5,25.6078,50.2147,19.6691,Dal Forno Romano
15,Sperss Langhe ,4.8,Langhe,6167.41 ,61.8381,74.9755,5.9625699999999995,82.5,Gaja
16,Veneto Alzero Cabernet ,4.8,Veneto,2383.54 ,66.9151,39.0222,34.3113,21.3708,Quintarelli Giuseppe
17,Brunello di Montalcino Riserva ,4.8,Brunello di Montalcino,7058.25 ,40.3514,54.0698,10.2679,61.11,Soldera
18,Hurlo ,4.8,Veneto,5888.67 ,69.7274,37.9564,10.4354,24.3515,Garbole
19,Tenuta Guado al Tasso Matarocchio ,4.8,Maremma Toscana,3595 ,48.7809,40.6345,9.4642,46.4864,Antinori
20,Cosimo Varvaglione Collezione Privata Primitivo di Manduria ,4.8,Primitivo di Manduria,1264.74 ,66.9509,19.3387,46.4808,10.1898,Varvaglione
21,Lazzicante Merlot di Toscana ,4.8,Toscana,248.33 ,53.6346,47.8269,-2.5,48.2269,Fattoria di Rodano
22,Sisifo Aglianico ,4.8,Paestum,603.71 ,81.8759,43.5927,23.9388,19.3899,Viticoltori de Conciliis
23,L'Amarone del Maestro Fornaser ,4.8,Amarone della Valpolicella,366.78 ,82.2623,16.8278,56.6403,16.3164,Monte Faustino
24,Il Caberlot ,4.8,Toscana,2312.78 ,51.1466,38.2629,15.253900000000002,41.733999999999995,Podere Il Carnasciale
25,Brunate - Le Coste Barolo ,4.8,Barolo,2500 ,57.3794,71.6505,3.5985199999999997,80.762,Giuseppe Rinaldi
26,Barolo Bussia Riserva ,4.8,Barolo,1139 ,63.4075,74.8989,12.2813,70.48100000000001,Parusso
27,Barolo Cannubi Riserva Collezione ,4.8,Barolo,4196.36 ,65.0754,79.5528,-2.5,77.4874,Tenuta Carretta
28,Millecento Brunello di Montalcino Riserva ,4.8,Brunello di Montalcino,2104.15 ,42.6065,53.556000000000004,5.63978,59.6961,Castiglion del Bosco
29,Marcoaurelio ,4.8,Marche,710.21 ,46.25,33.75,15.0,46.25,Tenuta Colle del Giglio
30,Nino Zeni Amarone della Valpolicella ,4.8,Amarone della Valpolicella,999 ,82.5,29.4892,40.9758,16.0457,Zeni
31,Poggio Banale Brunello di Montalcino ,4.8,Brunello di Montalcino,,45.6276,58.8865,11.7423,65.5995,La Poderina
32,Opera Amarone della Valpolicella Barrique ,4.8,Amarone della Valpolicella,625.31 ,82.5,29.5349,52.93600000000001,15.0,Villa Contea
33,Barolo Riserva Granbussia ,4.8,Barolo,5000 ,60.7969,77.002,8.6704,82.5,Aldo Conterno
34,Sorì San Lorenzo ,4.8,Langhe,6167.41 ,60.5573,77.8868,8.2209,82.5,Gaja
35,Brunello Di Montalcino ,4.8,Toscana,368.70 ,43.8125,54.7443,12.357999999999999,61.143,Scopeto del Cavalli
36,Oracolo Veneto Rosso ,4.8,Veneto,975 ,68.7061,38.0614,21.6301,17.7091,Inama Azienda Agricola
37,J Prognai Amarone della Valpolicella ,4.8,Amarone della Valpolicella,719.76 ,79.3617,16.3963,38.7234,21.3564,Fratelli Giuliari
38,Brunello di Montalcino ,4.8,Brunello di Montalcino,245.50 ,43.6821,53.0132,4.39991,59.9643,Terre del Palio
39, Sessantanni Old Vines Primitivo di Manduria ,4.8,Primitivo di Manduria,189 ,66.4496,19.7573,44.6014,8.6188,San Marzano
40,Graticciaia ,4.8,Salento,399.39 ,82.5,33.667,33.2152,21.4706,Vallone
41,Colombaio Brunello di Montalcino ,4.8,Brunello di Montalcino,488.86 ,52.4791,51.2015,8.7871,62.544700000000006,Cava d'Onice
42,Bolgheri Superiore ,4.7,Bolgheri Superiore,1773.13 ,61.9045,62.313,10.5071,51.4651,Ornellaia
43,Tenuta Tignanello 'Solaia' ,4.7,Toscana,2299 ,49.6449,38.6974,12.3636,41.8446,Antinori
44,Barbaresco ,4.7,Barbaresco,1595 ,58.0813,65.9937,4.610180000000001,82.5,Gaja
45,Campo del Titari Amarone della Valpolicella Classico Riserva ,4.7,Amarone della Valpolicella Classico,685.27 ,82.5,24.0652,51.3176,20.7517,Brunelli
46,Veneto Rosso del Bepi ,4.7,Veneto,1195 ,63.923500000000004,37.8224,24.4687,25.3835,Quintarelli Giuseppe
47,Amarone della Valpolicella Classico Vigneto Alto TB ,4.7,Amarone della Valpolicella Classico,1250 ,82.5,20.3448,50.6769,16.9234,Bussola
48,Cerretalto Brunello di Montalcino ,4.7,Brunello di Montalcino,2197 ,50.6201,56.0414,9.5625,61.903099999999995,Casanova di Neri
49, ,4.7,Bolgheri Superiore,2482.19 ,58.2598,44.303999999999995,12.7374,40.6092,Ornellaia
50,Campo Inferi Amarone della Valpolicella Classico Riserva ,4.7,Amarone della Valpolicella Classico,399 ,82.5,22.9507,45.8716,19.2949,Brunelli
51,Harlequin ,4.7,Veneto,1638.68 ,65.2385,39.7073,28.0721,27.6897,Zýmē
52,Messorio ,4.7,Toscana,2000 ,51.9799,40.0601,12.849,42.2092,Le Macchiole
53,Brunello di Montalcino Riserva Madonna del Piano ,4.7,Brunello di Montalcino,1340 ,47.7703,57.3879,7.1779399999999995,62.321,Valdicava
54,Amarone della Valpolicella Classico Vigneto Il Fornetto ,4.7,Amarone della Valpolicella Classico,650 ,75.6219,28.4351,49.5678,25.3978,Stefano Accordini
55,Madonna delle Grazie Brunello di Montalcino ,4.7,Brunello di Montalcino,1299 ,49.1646,55.4933,10.2994,59.4741,Il Marroneto
56,Lodovico ,4.7,Toscana,2992.09 ,55.5508,38.4695,12.023,40.1259,Biserno
57,Rinaldi Maior Amarone della Valpolicella ,4.7,Amarone della Valpolicella,695 ,82.5,20.605999999999998,49.1652,21.7569,Villa Rinaldi
58,Conteisa Langhe ,4.7,Langhe,1295 ,60.0592,38.271,17.7293,24.5515,Gaja
59,Costa Russi (Barbaresco) Langhe ,4.7,Langhe,2475 ,59.4927,64.5936,9.4607,82.4943,Gaja
60,Gran Pumo d'Oro Primitivo di Manduria Riserva ,4.7,Primitivo di Manduria,179.39 ,72.1633,19.4539,44.5101,11.6605,Il Pumo
61,Habemus Lazio Rosso (White Label) ,4.7,Lazio,344.41 ,51.3329,38.5531,10.3593,43.2514,San Giovenale
62,Octavius Amarone della Valpolicella Riserva ,4.7,Amarone della Valpolicella,655.47 ,82.5,24.0895,46.4978,16.8188,Marchesi Fumanelli
63,Due Mori Amarone della Vapolicella Riserva ,4.7,Amarone della Valpolicella,795 ,82.5,29.865900000000003,39.4064,31.016800000000003,Latium Morini
64,Campolongo di Torbe Amarone della Valpolicella Classico ,4.7,Amarone della Valpolicella Classico,856.58 ,82.5,23.6048,48.3043,19.3787,Masi
65,Orgno Merlot Veronese ,4.7,Verona,455 ,67.1374,38.2174,15.743500000000001,19.8165,Fasoli Gino
66,Darmagi Langhe ,4.7,Langhe,1117.28 ,65.62100000000001,42.7751,15.1451,24.4873,Gaja
67,Redigaffi Toscana ,4.7,Toscana,2224.88 ,50.6769,39.2239,14.4144,40.6633,Tua Rita
68,Barolo Cerretta ,4.7,Barolo,2099.50 ,63.956999999999994,76.6558,8.9023,75.1553,Giacomo Conterno
69,Nebbiolo del Piemonte ,4.7,Piemonte,1897.11 ,60.9713,78.7618,0.45058,82.5,Gaja
70,Intistieti Brunello di Montalcino Riserva ,4.7,Brunello di Montalcino,2380.21 ,43.1516,59.3174,8.2554,62.707499999999996,Soldera
71,Tenuta Guado al Tasso Bolgheri Superiore ,4.7,Bolgheri Superiore,999 ,63.211200000000005,63.060500000000005,8.5673,50.65,Antinori
72,Toscana Rosso ,4.7,Toscana,1824.90 ,50.9388,40.5031,17.3684,43.6474,Tenuta di Trinoro
73,Barolo Riserva Villero ,4.7,Barolo,4958.33 ,64.7996,81.2616,11.9904,82.5,Vietti
74,Le Opere Amarone della Valpolicella Classico ,4.7,Amarone della Valpolicella Classico,1289.38 ,72.0167,31.2068,26.7086,40.8722,Il Cantiniere d'Italia
75,Per Sempre Syrah Toscana ,4.7,Toscana,1124.66 ,53.8137,37.6338,4.3558699999999995,39.8945,Tua Rita
76,Brunate  Barolo ,4.7,Barolo,2942.18 ,62.4277,77.7604,7.501200000000001,81.9957,Roberto Voerzio
77,Amarone della Valpolicella Classico Mater ,4.7,Valpolicella,999 ,79.9581,22.4258,43.9688,24.2792,Domini Veneti
78,Amarone della Valpolicella ,4.7,Amarone della Valpolicella,620 ,82.5,30.975700000000003,47.3743,22.5249,Ferragù
79, Amarone della Valpolicella Riserva ,4.7,Amarone della Valpolicella,495.09 ,79.9653,22.5293,44.3398,24.5122,Villa Canestrari
80,Riserva Vigna Fontelontano Brunello di Montalcino ,4.7,Brunello di Montalcino,699 ,48.1675,51.0193,9.238,61.831599999999995,Collemattoni
81,Le Pergole Torte ,4.7,Toscana,1532.17 ,44.0471,40.1435,5.3126,46.9776,Montevertine
82,Corpus Amarone della Valpolicella ,4.7,Amarone della Valpolicella,998.50 ,77.4557,19.0796,50.4273,24.4245,Villa Rinaldi
83,Ottocento Primitivo di Manduria ,4.7,Primitivo di Manduria,274.99 ,63.699200000000005,13.6434,40.5259,3.9840599999999995,De Feudis
84,Dincanto Merlot ,4.7,Toscana,489.32 ,50.2232,38.3432,4.7584800000000005,42.6455,Sant'Agnese
85,Guido Rosso del Veneto ,4.7,Veneto,428.81 ,65.8405,48.5226,21.8807,34.3982,Manara
86,Collezione Ca' Del Pipa Cinque Stelle Amarone della Valpolicella Classico ,4.7,Amarone della Valpolicella Classico,550 ,82.5,24.3747,44.1794,22.743000000000002,Castellani Michele
87,Es Riserva ,4.7,Primitivo di Manduria,999 ,82.5,38.9226,28.4808,27.2145,Gianfranco Fino
88,Falletto Barolo Le Rocche del Falletto Riserva ,4.7,Barolo,3682.57 ,58.816,76.3191,15.2802,82.3636,Bruno Giacosa
89,J Prognai Rosso ,4.7,Veneto,550.16 ,73.2478,36.2328,29.2845,22.1035,Fratelli Giuliari
90,Terrestre ,4.7,Toscana,997.97 ,54.9009,37.3412,-2.5,40.6156,Torciano
91,Barolo Monprivato ,4.7,Barolo,4431.89 ,54.243,72.9328,4.86499,80.9459,Mascarello Giuseppe e Figlio
92,Cerasum Amarone della Valpolicella ,4.7,Amarone della Valpolicella,216.66 ,82.5,24.2897,49.6786,22.1191,Soraighe
93,Riserva vigneto Pozzo dell'Annunziata Barbera d'Alba ,4.7,Barbera d'Alba,2942.18 ,55.398,19.4718,12.4463,61.6713,Roberto Voerzio
94,Vigneti dei Coali Amarone della Valpolicella Classico Riserva ,4.7,Amarone della Valpolicella Classico,425 ,82.5,19.7902,44.3579,20.6242,Coali
95,Montefico Barbaresco Vecchie Viti ,4.7,Barbaresco,1601.44 ,60.6318,73.1635,-2.1005599999999998,82.5,Roagna
96,Opheliah Maria Bolgheri Superiore ,4.7,Bolgheri,538.44 ,69.6944,78.2963,12.2963,52.8981,Tenuta Argentiera
97,Barolo ,4.7,Barolo,299 ,58.3498,71.7284,2.2785900000000003,81.4508,Prunotto
98,Bassolino di Sopra Brunello di Montalcino ,4.7,Brunello di Montalcino,2370.21 ,33.3056,54.2667,9.1389,59.5889,Pian dell'Orino
99,Crichet Pajè Barbaresco ,4.7,Barbaresco,5993.71 ,55.0313,69.8478,5.9354499999999994,82.0337,Roagna
100,Campo Marna Cinquecento Amarone della Valpolicella ,4.7,Amarone della Valpolicella,1999 ,78.0771,11.2326,42.8532,17.9179,I Campi
101,Decavin Amarone della Valpolicella Classico ,4.7,Amarone della Valpolicella Classico,234.69 ,82.5,15.0,43.1034,15.0,Dieci Terre
102,Sprigione ,4.7,Marche,316.19 ,47.4257,26.8564,4.95545,38.6634,Il Crinale
103,Colore Toscana ,4.7,Toscana,2971.98 ,50.5036,38.010999999999996,-0.7632299999999999,46.4413,Bibi Graetz
104,Barolo Percristina ,4.7,Barolo,3314.98 ,62.8398,79.1177,9.7337,82.5,Domenico Clerico
105,Forlago Amarone della Valpolicella Classico ,4.7,Amarone della Valpolicella Classico,600 ,82.5,16.2596,46.6762,17.6828,Fratelli Vogadori
106,Quarto Vecchio Amarone della Valpolicella Classico Riserva ,4.7,Amarone della Valpolicella Classico,1214.79 ,82.5,28.1469,46.1511,23.1554,Il Canovino
107,Riserva vecchie viti dei Capalot e delle Brunate Barolo ,4.7,Barolo,,62.0432,79.7387,20.6064,81.3697,Roberto Voerzio
108,Falletto Barolo Le Rocche del Falletto ,4.7,Barolo,3053.91 ,55.9928,74.4472,5.892580000000001,82.4511,Bruno Giacosa
109,Bonsai ,4.7,Rosso di Montalcino,1406.62 ,40.2843,40.4815,9.9667,43.2815,Podere le Ripi
110,Il Bisesto Amarone della Valpolicella Classico ,4.7,Amarone della Valpolicella Classico,600 ,65.6145,27.6657,40.1898,31.8223,Le Calendre
111,Sei Vigne Insynthesis ,4.7,Barbera d'Asti,561.76 ,67.8344,40.8734,19.3519,31.1282,Vinchio - Vaglio Serra
112,Campo del Drago Brunello di Montalcino ,4.7,Toscana,949.95 ,49.7284,57.8292,2.55206,62.4186,Castiglion del Bosco
113,Arborina Barolo ,4.7,Barolo,968.31 ,58.2307,74.66199999999999,8.8482,81.8193,Elio Altare
114,Barolo Rocche Marcenasco ,4.7,Barolo,1549.31 ,61.367,66.9237,8.1,76.7741,Renato Ratti
115,Dulcore ,4.7,Sardegna,,82.5,40.0,15.0,15.0,Mirto
116,Amarone Stella ,4.7,Amarone della Valpolicella Classico,1110.07 ,48.443999999999996,32.2556,29.671599999999998,55.0317,Aneri
117,Riserva Ferré Brunello di Montalcino ,4.7,Brunello di Montalcino,1723.13 ,50.4,50.6,4.2,62.599999999999994,Frescobaldi
118,Perpiero ,4.7,Toscana,631.83 ,55.1863,48.6353,4.199039999999999,45.7818,Tenuta Moraia
119,Altèsfere Rosso ,4.7,Vino d'Italia,284.57 ,,,,,Lauterbach
120,Ampio ,4.7,Toscana,1068.71 ,54.4739,44.5336,-2.5,44.5448,Le Mortelle
121,Campasso Rosso Veronese ,4.7,Rosso Veronese,407.46 ,67.4677,36.2056,2.9193499999999997,17.1492,Villa Contea
122,Unoperuno Barolo ,4.7,Barolo,2269 ,45.1977,62.8985,-2.5,78.6433,Elio Altare
123,Amarone della Valpolicella Classico Villa ,4.7,Amarone della Valpolicella,582.18 ,82.5,19.7044,51.7,18.8444,Domini Veneti
124,Riserva Barolo ,4.7,Barolo,560.88 ,55.8042,65.979,12.5131,78.9738,Renato Corino
125,La Casa Brunello di Montalcino ,4.7,Brunello di Montalcino,362.22 ,46.1927,50.4976,3.82557,58.6636,Caparzo
126,Dieci Anni Amarone della Valpolicella Riserva ,4.7,Amarone della Valpolicella,976.66 ,82.5,32.4612,42.4547,16.7047,Villa Canestrari
127,Poggio Al Vento Brunello di Montalcino Riserva ,4.7,Brunello di Montalcino,2234.57 ,47.0533,55.0116,3.89741,59.2361,Col d'Orcia
128,Arcano La Luna ,4.7,Puglia,555.15 ,56.6649,29.2926,33.5479,30.2979,Terrulenta
129,Il Velluto Amarone della Valpolicella Classico ,4.7,Amarone della Valpolicella Classico,365 ,80.9054,17.8047,44.5723,17.8856,Meroni
130,Campo del Tìtari Amarone della Valpolicella Classico ,4.7,Amarone della Valpolicella Classico,422 ,81.6938,28.874000000000002,46.6512,22.7558,Brunelli
131,D.N.A ,4.7,Montefalco,499 ,41.6525,36.1992,-2.5,48.428000000000004,Alfredosa
132,Mago Amarone della Valpolicella ,4.6,Amarone della Valpolicella,516.41 ,82.5,13.1892,40.8513,14.6892,Corte Lenguin
133,S'Indora ,4.7,Toscana,765.82 ,42.7551,40.0,15.0,40.0,Mocine
134,Amarone della Valpolicella Riserva Cent’anni ,4.7,Amarone della Valpolicella,953 ,82.5,19.076,46.7703,21.6926,Trabucchi d'Illasi
135,Kapnios Aglianico ,4.7,Campania,610.78 ,82.5,29.9386,27.6462,22.9095,Masseria Frattasi
136,Barolo Cannubi Boschis ,4.7,Barolo,1200 ,61.1355,73.232,10.0997,77.9823,Sandrone
137,Vigneto La Cà Amarone della Valpolicella Classico ,4.7,Amarone della Valpolicella Classico,140 ,82.5,32.8973,52.3356,20.0548,Contramalini
138,Massimo Martinelli Il Barolo Come lo Sento Io ,4.7,Piemonte,,55.2829,57.468999999999994,24.4322,61.693799999999996,Bricco Mollea
139,Since  Primitivo di Manduria Limited Platinum Edition ,4.7,Primitivo di Manduria,186.14 ,74.5888,26.875,36.5214,11.3322,Emera
140,Campedel Amarone della Valpolicella Classico ,4.7,Amarone della Valpolicella Classico,349 ,82.5,21.8963,43.4908,19.9596,Gamba
141,Tignanello ,4.6,Toscana,775 ,49.3697,38.9884,7.701599999999999,41.8949,Antinori
142,Limited Edition  Vendemmie N.V.,4.6,Montepulciano d'Abruzzo,299 ,52.5559,34.2017,23.578000000000003,55.4992,Tenuta Ulisse
143,Tenuta Nuova Brunello di Montalcino ,4.6,Brunello di Montalcino,849.95 ,47.8675,54.8242,9.9411,60.99100000000001,Casanova di Neri
144,Poggio all'Oro Brunello di Montalcino Riserva ,4.6,Brunello di Montalcino,999 ,45.2731,52.4093,7.802099999999999,61.71169999999999,Banfi
145,Kurni Marche ,4.6,Marche,1452.47 ,54.5371,39.9811,31.029000000000003,40.2861,Oasi degli Angeli
146,Amarone della Valpolicella Classico Riserva (Sergio Zenato) ,4.6,Amarone della Valpolicella Classico,680.42 ,82.5,21.638,48.5997,19.644000000000002,Zenato
147,Calcarole Amarone della Valpolicella Classico ,4.6,Amarone della Valpolicella Classico,672.50 ,80.4721,18.9917,52.0415,20.1438,Guerrieri Rizzardi
148,Barolo Cascina Francia ,4.6,Barolo,1995 ,59.653999999999996,74.9562,5.35222,80.0543,Giacomo Conterno
149,Vendemmia d'Artista L'Eleganza ,4.6,Bolgheri Superiore,1088.36 ,55.9099,58.4033,17.7133,48.9216,Ornellaia
150,Alteo Amarone della Valpolicella ,4.6,Amarone della Valpolicella,1245 ,82.5,21.8538,42.8361,25.2683,Fasoli Gino
151,Bibbona ,4.6,Toscana,899 ,52.4032,39.6393,7.7196,42.5511,Biserno
152,Barolo Riserva ,4.6,Barolo,673.16 ,59.452,73.6172,3.43241,81.8497,Borgogno
153,Pietro Dal Cero Amarone della Valpolicella ,4.6,Amarone della Valpolicella,595 ,80.1561,24.962,45.7307,24.059,Cà dei Frati
154,Limited Edition  Vendemmie ,4.6,Montepulciano d'Abruzzo,299 ,52.5559,34.2017,23.578000000000003,55.4992,Tenuta Ulisse
155,Pagliaro Montefalco Sagrantino Secco ,4.6,Montefalco Sagrantino,431.67 ,51.8817,46.0969,8.7336,42.7174,Paolo Bea
156,Ca' Florian Amarone della Valpolicella Classico Riserva ,4.6,Amarone della Valpolicella Classico,715 ,82.0322,18.0416,47.5133,21.8441,Tommasi
157,Guado de' Gemoli ,4.6,Bolgheri Superiore,444.98 ,64.7819,60.5758,9.0119,48.9341,Giovanni Chiappini
158,Flaccianello della Pieve ,4.6,Colli della Toscana Centrale,1397.16 ,50.2446,41.9669,8.1009,43.6019,Fontodi
159,Pian delle Vigne Vignaferrovia Brunello di Montalcino Riserva ,4.6,Brunello di Montalcino,973.95 ,47.1539,54.541000000000004,7.780799999999999,62.4752,Antinori
160,Ripe al Convento Brunello di Montalcino Riserva ,4.6,Brunello di Montalcino,1099 ,49.5952,55.692,10.3598,60.2391,Tenuta CastelGiocondo
161,Guerriero della Terra ,4.6,Marche,138.36 ,60.0798,31.9319,39.3201,36.387,Guerrieri
162,Valpolicella Superiore Monte Lodoletta ,4.6,Valpolicella,649 ,51.3816,36.1542,22.7792,53.1579,Dal Forno Romano
163,Valpolicella Classico Superiore ,4.6,Valpolicella Classico,573.61 ,43.7948,30.1319,19.2654,51.3011,Quintarelli Giuseppe
164,Duca di Montalbo ,4.6,Terre Siciliane,426.21 ,82.5,44.7975,32.1579,22.8076,G. Milazzo
165,Pieve Santa Restituta Sugarille Brunello di Montalcino ,4.6,Brunello di Montalcino,1020.45 ,49.011,56.8985,7.6129999999999995,62.85080000000001,Gaja
166,De Bvris Amarone della Valpolicella Classico Riserva ,4.6,Amarone della Valpolicella Classico,2299 ,68.5245,19.1092,44.8091,29.9863,Tommasi
167,Amarone della Valpolicella Riserva Gino Cordin ,4.6,Amarone della Valpolicella,1202.80 ,82.5,25.1296,43.1913,17.8391,Accordini
168,Barbaresco Camp Gros Martinenga Riserva ,4.6,Barbaresco,599.80 ,60.0957,67.7716,6.892669999999999,81.4573,Marchesi di Gresy
169,Lilium Est Amarone Della Valpolicella Riserva ,4.6,Amarone della Valpolicella,705.83 ,82.5,21.8855,53.7246,22.9465,Tenuta Sant'Antonio
170,Amarone ,4.6,Amarone della Valpolicella,899 ,81.4171,22.6614,45.6292,23.7966,Le Guaite di Noemi
171,Cerretta Barolo Riserva (Vigna Bricco) ,4.6,Barolo,823.07 ,60.1766,82.1162,3.4362500000000002,82.5,Elio Altare
172,Pergole Vece Amarone della Valpolicella Classico ,4.6,Amarone della Valpolicella Classico,505.51 ,78.6262,23.1881,51.553000000000004,22.271,Le Salette
173,Vignarionda Barolo Riserva ,4.6,Barolo,525.33 ,63.1542,73.9297,10.5029,80.6184,Anselma Giacomo
174,Lupi e Sirene ,4.6,Brunello di Montalcino,550 ,42.8959,53.3172,6.3937100000000004,61.1901,Podere le Ripi
175,Lamarein ,4.6,Vino d'Italia,327.74 ,67.8282,37.2069,27.284000000000002,22.6894,Erbhof Unterganzner
176,Falletto Barbaresco Asili ,4.6,Barbaresco,1200 ,55.9474,64.4926,7.9284,82.5,Bruno Giacosa
177,Pieve Santa Restituta Rennina Brunello di Montalcino ,4.6,Brunello di Montalcino,1994.72 ,43.9198,56.968,8.5407,63.14790000000001,Gaja
178,Franci Riserva Brunello di Montalcino ,4.6,Brunello di Montalcino,1007.29 ,42.1502,52.7196,0.3178200000000002,58.6819,Tassi
179,Lupi e Sirene Riserva ,4.6,Brunello di Montalcino,675 ,47.184,57.3158,7.660500000000001,62.0346,Podere le Ripi
180,Barolo Sorì Ginestra ,4.6,Barolo,662.92 ,61.324,75.5562,1.7431999999999999,81.8589,Conterno Fantino
181,Vigneti di Ravazzol Amarone della Valpolicella Classico ,4.6,Amarone della Valpolicella Classico,399 ,78.7699,23.6051,45.0247,26.3741,Ca La Bionda
182,Barolo SetteAnni Riserva ,4.6,Barolo,430.95 ,68.05199999999999,72.3205,1.44259,78.6199,Franco Conterno
183,Denxo ,4.6,Veneto,921.75 ,64.8425,43.0925,41.0803,17.0986,Desmonta
184,Leone Zardini Amarone della Valpolicella Riserva ,4.6,Amarone della Valpolicella,439 ,75.8062,28.8985,47.4704,29.1336,Pietro Zardini
185,Amarone della Valpolicella La Coeta ,4.6,Amarone della Valpolicella,255 ,82.2639,18.8587,43.5333,22.2368,Corte Lenguin
186,Cerrete Montefalco Sagrantino Secco ,4.6,Montefalco Sagrantino,844.08 ,50.9144,47.0457,8.0773,45.1425,Paolo Bea
187,Negus Montepulciano d'Abruzzo ,4.6,Montepulciano d'Abruzzo,300 ,48.2411,34.3889,23.6178,61.547799999999995,Cascina del Colle
188,Bottiglia Particolare ,4.6,Chianti,332.83 ,46.7945,31.5317,8.9098,41.4423,Verrazzano
189,Amarone della Valpolicella Case Vecie ,4.6,Amarone della Valpolicella Classico,419 ,82.5,23.8049,45.8008,22.474,Brigaldara
190,Ca’ del Merlo Rosso Veneto ,4.6,Veneto,847.38 ,60.034,33.2086,19.6692,23.4736,Quintarelli Giuseppe
191,Fossati Case Nere Barolo  Riserva  Anni ,4.6,Barolo,3491.51 ,62.137299999999996,76.2481,3.83906,81.9422,Roberto Voerzio
192,Petrucci ,4.6,Orcia,798 ,45.5782,35.6909,9.8644,43.4148,Podere Forte
193,Vürsù Barbaresco Valeirano ,4.6,Barbaresco,999 ,62.4961,70.3278,6.668430000000001,82.5,La Spinetta
194,Barolo Riserva Cannubi  ,4.6,Barolo,1172.22 ,63.501000000000005,71.4735,8.9163,71.1418,Damilano
195,Il Lussurioso Amarone ,4.6,Amarone della Valpolicella,1995 ,82.5,20.1066,45.7171,21.8247,Buglioni
196,Barolo Bussia Romirasco ,4.6,Barolo,1987.50 ,60.1872,75.2359,6.6899,82.5,Aldo Conterno
197,Montepulciano d'Abruzzo ,4.6,Montepulciano d'Abruzzo,3017.41 ,35.866,38.4381,12.2677,63.9935,Valentini
198,Sesto a Quinconce Aglianico Irpinia ,4.6,Irpinia,799 ,82.5,45.1012,22.1201,27.0568,Vinosia
199,Rocche dell'Annunziata Torriglione Barolo ,4.6,Barolo,3240.12 ,59.8598,80.9282,7.507,82.5,Roberto Voerzio
200,Paternum ,4.6,Calabria,336.20 ,79.5122,40.3672,29.902500000000003,26.9619,Tenuta Iuzzolini
201,Lieros Isola dei Nuraghi ,4.6,Isola dei Nuraghi,1575.41 ,78.4687,31.5938,29.625,17.7187,Carboni
202,Campo del Prete Brunello di Montalcino ,4.6,Brunello di Montalcino,540.44 ,45.6214,54.6406,4.17772,60.7122,Poggio Rubino
203,Falletto Barolo ,4.6,Barolo,1499 ,58.5458,74.262,8.5778,82.5,Bruno Giacosa
204,Toscana Il Pareto ,4.6,Toscana,444.98 ,53.541000000000004,40.2219,13.1131,40.1688,Tenuta di Nozzole
205,d'Alceo ,4.6,Toscana,931.07 ,49.1711,42.1136,15.095400000000001,41.7484,Castello dei Rampolla
206,Barolo Brunate ,4.6,Barolo,1050 ,59.7822,80.4531,12.6327,82.5,Vietti
207,Barolo Riserva Monprivato Cà d'Morissio ,4.6,Barolo,2508.32 ,58.1082,79.0542,1.5790199999999999,82.5,Mascarello Giuseppe e Figlio
208,Cannubi San Lorenzo - Ravera Barolo ,4.6,Barolo,1056.06 ,56.2279,76.6258,8.347000000000001,79.8406,Giuseppe Rinaldi
209,Stèfen  ,4.6,Veneto,709 ,65.4287,42.0608,30.761200000000002,20.0596,De Stefani
210,Niuo Sicilia Rosso ,4.6,Terre Siciliane,489.28 ,82.5,38.1292,28.7604,20.2521,
211,Hatteso Amarone della Valpolicella Riserva ,4.6,Amarone della Valpolicella,,80.9593,28.8325,42.6208,24.07,Garbole
212,Raffaello Rosso Veronese ,4.6,Rosso Veronese,144.43 ,64.4645,25.7724,20.7855,21.392,Fratelli Vogadori
213,L'Apparita ,4.6,Toscana,10022.04 ,47.6916,40.3446,10.7075,42.9086,Castello di Ama
214,Mazzano Amarone Della Valpolicella Classico ,4.6,Amarone della Valpolicella Classico,856.58 ,82.5,29.096999999999998,45.9239,22.8381,Masi
215,Mangiafoco Rosso ,4.6,Toscana,399 ,57.6675,32.2881,8.9969,32.2917,Poderi del Paradiso
216,Syrah Toscana ,4.6,Toscana,1907.03 ,52.8117,35.6623,12.6087,37.8613,Tua Rita
217,Rocche dell'Annunziata Barolo Riserva ,4.6,Barolo,1109.84 ,59.342,78.1958,5.969239999999999,82.5,Paolo Scavino
218,Il Torriano Gran Selezione Chianti Classico ,4.6,Chianti Classico,390.62 ,54.0566,61.8711,-2.5,69.9371,La Sala
219,IS Amarone della Valpolicella Classico ,4.6,Amarone della Valpolicella Classico,900 ,82.5,22.7675,47.1886,30.197400000000002,Corte Archi
220,Lavinia Maria Toscana ,4.6,Toscana,1206.01 ,45.2524,33.0,15.075199999999999,45.0218,Tenuta Argentiera
221,Rio Sordo Barbaresco Riserva ,4.6,Barbaresco,313.20 ,65.1575,69.5772,1.5980499999999997,82.5,Cascina Bruciata
222,Vigna Ganger Pinot Noir Riserva ,4.6,Südtirol - Alto Adige,1374.96 ,44.3357,36.3214,14.649999999999999,51.3886,Girlan
223,Barolo Riserva Bricco Voghera ,4.6,Barolo,775 ,60.3005,71.1058,-1.29515,82.5,Azelia
224,Sichei Barbera d'Asti Superiore ,4.6,Barbera d'Asti,,62.3617,27.8163,22.0643,57.0982,Franco Roero
225,Sacreterre ,4.6,Umbria,887.40 ,40.6429,48.6607,1.27679,40.9643,Tili
226,Gold Label Croce del Gal Amarone della Valpolicella Classico ,4.6,Amarone della Valpolicella Classico,369 ,79.3031,26.7681,43.0193,24.1389,Benedetti
227,Il Velluto Amarone della Valpolicella Classico Riserva ,4.6,Amarone della Valpolicella Classico,578.86 ,66.3348,16.8581,41.68899999999999,21.0937,Meroni
228,Composition Reif ,4.6,Südtirol - Alto Adige,300.18 ,63.6195,37.2862,28.9642,23.3604,Erbhof Unterganzner
229,Sogrà ,4.6,Toscana,154.58 ,37.556,38.1716,-2.5,37.2761,Le Pietrose
230,La Quarta Botte Amarone della Valpolicella Classico ,4.6,Amarone della Valpolicella Classico,875.30 ,82.5,26.4132,46.7872,24.25,Edizione Limitata
231,Barolo Cannubi Riserva ,4.6,Barolo,11.75 ,53.9087,82.5,-2.5,82.5,Osvaldo Viberti
232,Amarone della Valpolicella Classico Cavaion Veronese ,4.6,Amarone della Valpolicella Classico,950.59 ,82.5,22.3721,43.8223,21.6414,Cesari
233,Phenomena Brunello di Montalcino Riserva ,4.6,Brunello di Montalcino,650 ,41.4092,50.7838,9.0242,63.030100000000004,Sesti
234,Fieramonte Amarone della Valpolicella Riserva ,4.6,Amarone della Valpolicella,1633.69 ,74.3063,23.6637,40.5299,18.4419,Allegrini
235,Amarone Della Valpolicella Classico Riserva I Fondatori ,4.6,Amarone della Valpolicella Classico,399.75 ,82.5,22.7993,50.2615,24.5699,Fabiano
236,I Creari Rosso Veronese ,4.6,Rosso Veronese,106.53 ,71.6655,31.5554,23.4971,18.6268,Bonazzi Dario e Fabio
237,Castello di Vicarello ,4.6,Toscana,626.51 ,38.0985,22.9206,0.2549299999999999,38.3011,Carlo Baccheschi Berti
238,Amore e Magia Brunello di Montalcino ,4.6,Brunello di Montalcino,520 ,50.7732,59.1639,7.628399999999999,64.6489,Podere le Ripi
239,Barrosu Cannonau di Sardegna Riserva Franzisca ,4.6,Cannonau di Sardegna,281 ,64.988,36.9503,2.7559899999999997,36.5702,Giovanni Montisci
240,Capitel della Crosara Amarone della Valpolicella Classico ,4.6,Amarone della Valpolicella Classico,375 ,82.5,22.3103,48.5298,19.3512,Montresor
241,Gromis Barolo ,4.6,Barolo,946.15 ,60.5114,64.0847,19.0106,82.5,Gaja
242,Il Sestante Monte Masua Amarone della Valpolicella Classico ,4.6,Amarone della Valpolicella Classico,263.16 ,82.5,22.2519,48.3776,18.3999,Tommasi
243,Eccellenza ,4.6,Toscana,305.53 ,61.2472,38.431999999999995,18.2823,41.6683,Toggenburg
244,Otin Fiorin Barolo ,4.6,Barolo,1593.94 ,58.34,76.6594,7.396369999999999,81.8406,Cappellano
245,Barolo Enrico VI ,4.6,Barolo,610.04 ,57.7047,69.0009,7.3555399999999995,77.3835,Cordero di Montezemolo
246,Amarone Valpolicella Classico Castelliere delle Guaite ,4.6,Amarone della Valpolicella Classico,770.54 ,80.3333,17.2442,47.1667,23.033,Montresor
247,Barolo Ravera ,4.6,Barolo,1250 ,59.9641,73.36,-0.11803000000000008,80.6968,Vietti
248,Kupra Marche ,4.6,Marche,1731.42 ,56.0329,45.4204,15.8688,44.5062,Oasi degli Angeli
249,Riserva Vigna le Macchiarelle Brunello di Montalcino ,4.6,Brunello di Montalcino,484.16 ,48.5193,53.8509,10.0429,61.5467,Fanti
250,Rosso Veronese ,4.6,Verona,144.04 ,63.476,37.5582,3.0719199999999995,12.2671,Tenute Falezza
251,Vigna Grande Cerzito Taurasi Riserva ,4.6,Taurasi,1053.08 ,82.5,39.071999999999996,24.2225,25.9174,Quintodecimo
252,Riserva Brunello di Montalcino ,4.6,Brunello di Montalcino,1153.37 ,43.6793,52.386,6.33103,60.3086,La Fiorita
253,Bure Alto Amarone  della Valpolicella Classico Riserva ,4.6,Amarone della Valpolicella,272.20 ,82.5,14.583300000000001,45.9861,18.1319,Corte Aleardi
254,Guglielmi di Jago Amarone della Valpolicella Classico ,4.6,Amarone della Valpolicella Classico,699 ,81.40899999999999,27.7778,48.3596,22.2022,Spinosa
255,Pieve Santa Restituta Brunello di Montalcino ,4.6,Brunello di Montalcino,700 ,44.8573,55.7184,5.76174,61.0991,Gaja
256,Brunello di Montalcino Beatrice ,4.6,Brunello di Montalcino,638.72 ,46.907,65.3837,9.3779,53.8721,Stella di Campalto
257,Rocche dell'Annunziata Barolo ,4.6,Barolo,499 ,58.4092,79.1209,1.40129,79.8909,Gagliasso
258,Alfio Moriconi Selection Brunello di Montalcino ,4.6,Brunello di Montalcino,246.56 ,45.3739,55.6902,-1.7478150000000001,60.2201,Terralsole
259,Bartolomeo ,4.6,Toscana,236.56 ,49.4898,36.3163,1.7880900000000004,40.7696,Torciano
260,Patriglione ,4.6,Salento,847.38 ,80.0648,35.2228,30.219299999999997,24.8909,Taurino
261,Il Barone  ,4.6,Puglia,1170.96 ,82.5,34.8248,31.564100000000003,14.487200000000001,Antonio Ferrari
262,Ca' Florian Amarone ,4.6,Amarone della Valpolicella,431.71 ,74.03699999999999,17.3672,49.9635,21.185,Tommasi
263,Campo Prognare Rosso Veneto ,4.6,Veneto,699 ,65.3461,45.7115,2.5,28.6731,I Campi
264,Pietrose ,4.6,Toscana,411.04 ,44.1081,34.4881,-1.93254,40.4434,Talosa
265,Rujno Rosso ,4.6,Venezia Giulia,976.66 ,61.515100000000004,44.6752,19.3348,27.4116,Gravner
266, Clones Poggio Ai Chiari Sangiovese Toscana ,4.6,Toscana,284.09 ,53.2044,45.6691,2.39834,43.7427,Colle Santa Mustiola
267,Diciotto Primitivo ,4.6,Salento,509 ,71.1104,17.065,33.7706,9.4618,Schola Sarmenti
268,Brunello di Montalcino Vigna Spuntali ,4.6,Brunello di Montalcino,364.98 ,49.0354,57.3849,3.30124,60.8093,Val di Suga
269,Vigna Camparol Amarone della Valpolicella Classico ,4.6,Amarone della Valpolicella Classico,275 ,82.5,20.2412,52.466,20.0406,Corte Alta Fumane
270, Dieci Inverni ,4.6,Abruzzo,1382.61 ,42.5,40.9091,-2.5,40.2273,Castorani
271,Benedetta Brunello di Montalcino ,4.6,Brunello di Montalcino,1462.19 ,24.8766,62.5728,-2.5,64.4399,Stella di Campalto
272,Medeo Montefalco Sagrantino ,4.6,Montefalco Sagrantino,331.46 ,55.7438,56.7654,13.107999999999999,46.6806,Romanelli
273,Recioto della Valpolicella Classico ,4.6,Recioto della Valpolicella Classico,160 ,63.917500000000004,28.8877,44.0104,20.8936,Fratelli Vogadori
274,Merlot ,4.6,Toscana,279.20 ,42.533,32.8312,5.12437,42.7487,Camperchi
275,Ticona del Vino Primitivo di Manduria ,4.6,Puglia,245 ,65.2556,22.0722,40.0833,0.86666,
276,Currà Barbaresco Riserva ,4.6,Barbaresco,1005.56 ,64.7683,69.2332,8.8674,82.5,Bruno Rocca
277,Campogadis Valpolicella Superiore ,4.6,Valpolicella,252.51 ,58.1184,34.7976,17.3315,45.5439,Ernesto Ruffo
278,Asili Barbaresco Vecchie Viti ,4.6,Barbaresco,1452.47 ,51.9951,69.0379,4.0892,77.8905,Roagna
279,Grotta del Ninfeo Amarone della Valpolicella ,4.6,Amarone della Valpolicella,196.93 ,82.5,19.1816,49.5283,20.6937,Domenico Fraccaroli
280,Granato ,4.6,Vigneti delle Dolomiti,3314.98 ,61.9949,39.4935,16.6065,29.4497,Foradori
281,Brunello di Montalcino Pianrosso ,4.6,Brunello di Montalcino,499 ,43.2516,53.4738,5.61388,62.3369,Ciacci Piccolomini d'Aragona
282,Il 'Divasco' Riserva ,4.6,Brunello di Montalcino,552.74 ,50.2951,58.9171,5.707319999999999,60.6951,La Rasina
283,Bure Alto Amarone della Valpolicella Classico ,4.6,Amarone della Valpolicella Classico,300 ,82.5,32.7806,39.5663,22.9133,Corte Aleardi
284,Suolo ,4.6,Toscana,400 ,50.2289,43.6615,0.87486,44.0003,Argiano
285,Barbera d'Asti Riserva della Famiglia ,4.6,Barbera d'Asti,722.66 ,62.737700000000004,38.009,19.0689,24.2881,Coppo
286,Freccia degli Scacchi Riserva ,4.6,Torgiano Rosso Riserva,279.03 ,55.3499,46.4673,4.55872,47.4183,Terre Margaritelli
287,Campogiovanni Brunello di Montalcino Riserva Il Quercione ,4.6,Brunello di Montalcino,812.74 ,44.6985,49.4973,9.7291,61.8909,San Felice
288,Brunello di Montalcino Riserva Gualto ,4.6,Brunello di Montalcino,541.37 ,48.6554,59.8826,3.1692400000000003,59.5968,Camigliano
289,Graal Amarone della Valpolicella Valpantena ,4.6,Amarone della Valpolicella Valpantena,353.73 ,80.3239,38.4273,26.5386,34.0125,Corte Figaretto
290,Cerretta Barolo ,4.6,Barolo,435.74 ,61.5095,74.5652,4.55006,74.3846,Luigi Baudana
291,Chianti Classico Gran Selezione ,4.6,Chianti Classico,1443.53 ,40.1233,53.4885,1.0609800000000003,62.18770000000001,Isole e Olena
292,Barolo Rocche di Castiglione ,4.6,Barolo,1700 ,58.8749,73.6638,11.1468,81.2053,Vietti
293,Vigneto Monte Sant'Urbano Amarone della Valpolicella Classico ,4.6,Amarone della Valpolicella Classico,1773.13 ,80.5869,21.92,44.9723,21.9283,Speri
294,Il Vignale Vino Bianco Dolce ,4.6,Valpolicella,47.43 ,57.3553,29.828899999999997,29.1842,16.8947,Ristorante Pie Nie
295,Barolo Bussia Colonnello ,4.6,Barolo,804.44 ,61.908500000000004,77.4771,7.44904,80.4809,Aldo Conterno
296,Malvasia di Castelnuovo don Bosco ,4.6,Malvasia di Castelnuovo don Bosco,177.06 ,65.4324,37.8942,32.1149,15.175699999999999,San Giulio
297,Infernot Provincia di Pavia Rosso ,4.6,Provincia di Pavia,250 ,63.2268,35.3657,37.1759,20.375,Fattoria Cabanon
298,Korvilot Corvina - Merlot ,4.6,Veneto,145.70 ,67.6454,25.8449,21.744,28.6178,Recchia
299,Lorens Barolo ,4.6,Barolo,320 ,63.2949,64.5158,0.8640800000000004,65.4903,Lodali
300,Il Bospoeper Barbera d'Alba ,4.6,Barbera d'Alba,175.97 ,52.5,14.399999999999999,-2.5,57.5,Nizza Silvano
301,Orion Barolo ,4.6,Barolo,369.24 ,64.25,82.5,-2.5,82.5,Wongraven
302, Annodomini  Magliocco Rosso ,4.6,Donnici,753.97 ,69.6776,42.4508,26.7678,34.2801,Spadafora
303,Secentenario ,4.6,Toscana,8542.50 ,49.2727,32.1727,5.127269999999999,34.5727,Antinori
304,Primitivo di Manduria Riserva ,4.6,Primitivo di Manduria,213.01 ,62.135099999999994,15.0,38.2586,7.543100000000001,Attanasio
305,Magma ,4.6,Terre Siciliane,1750 ,79.9707,39.5506,18.1522,30.888800000000003,Frank Cornelissen
306,Barolo Vignarionda Riserva ,4.6,Barolo,742.06 ,60.2792,71.6833,-2.5,77.2707,Oddero
307,Sperss Barolo ,4.6,Barolo,2472.50 ,58.7323,82.5,-1.13616,82.5,Gaja
308,Valpolicella Superiore ,4.6,Valpolicella,127.03 ,48.8182,33.5477,6.690910000000001,49.2432,I Tamasotti
309,Sorbaia ,4.6,Toscana,510.54 ,39.0926,28.1829,-1.03241,41.7894,Tenuta Casanova
310,Conteisa Cerequio Barolo ,4.6,Barolo,994.05 ,66.7548,82.2656,-2.5,82.5,Gaja
311,Le Viole Amarone della Valpolicella Classico Superiore Riserva ,4.6,Amarone della Valpolicella Classico,300 ,82.5,14.2152,47.5902,18.0142,Accordini
312,Since  Primitivo di Manduria ,4.6,Primitivo di Manduria,123.89 ,65.6025,23.7578,39.5295,13.1065,Emera
313,Barbaresco Martinenga ,4.6,Barbaresco,675.96 ,58.3472,66.3363,2.17265,81.5392,Marchesi di Gresy
314,Cannubi Barolo ,4.6,Barolo,550 ,59.9303,75.8166,3.5835999999999997,81.7319,Luigi Einaudi
315,Rosso ,4.6,Terre Siciliane,238.62 ,82.4768,42.6572,11.8879,32.6727,Barone di Serramarrocco
316,Calto ,4.6,Veneto,375 ,63.417,33.9956,16.3562,23.0727,Marion
317,L'Amarone Anna Maria ,4.6,Amarone della Valpolicella Classico,1830.57 ,82.5,19.2377,48.1821,18.8827,El Pendola
318,Guardiavigna ,4.6,Toscana,700.16 ,49.1499,34.4315,16.3494,40.4193,Podere Forte
319,Amarone Senza Titolo ,4.6,Amarone della Valpolicella,1156.39 ,74.7581,14.315000000000001,43.1634,23.2861,Musella
320,Varano Rosso Cònero ,4.6,Rosso Conero,211.62 ,74.2384,45.6782,4.72917,40.7107,Alberto Serenelli
321,Amistar Cabernet Franc ,4.6,Trentino-Alto Adige,378.10 ,65.707,42.4126,19.3374,21.3957,Peter Sölva
322,Giorgio Primo ,4.6,Chianti Classico,635.29 ,52.0575,41.1242,10.3375,43.8619,La Massa
323,Zebras Brunello di Montalcino ,4.6,Brunello di Montalcino,304.94 ,43.7288,54.7219,3.96546,60.2418,Villa I Cipressi
324,Refolà ,4.6,Veneto,334.52 ,59.8645,36.1084,27.8881,24.721999999999998,Le Vigne di San Pietro
325,Sicomoro ,4.6,Toscana,169 ,42.7268,39.244,1.9012099999999998,42.313,Cantina Vignaioli del Morellino di Scansano
326,Edizione Cinque Autoctoni ,4.6,Abruzzo,249 ,69.8095,35.5655,25.9505,27.8388,Farnese
327,Barolo Riserva del Fico ,4.6,Barolo,532.66 ,47.8312,77.7511,-2.5,80.3896,E. Molino
328,Flauto Magico Brunello di Montalcino ,4.6,Brunello di Montalcino,462.52 ,37.8264,51.9479,-2.5,65.59899999999999,Il Paradiso di Frassina
329,Valpolicella Classico ,4.6,Valpolicella Classico,66.60 ,33.8159,28.9731,20.9771,48.3495,Fratelli Vogadori
330,Barolo Cannubi ,4.6,Piemonte,587.54 ,61.0369,73.8347,4.692260000000001,80.4828,Damilano
331,Barolo Ginestra Casa Maté ,4.6,Barolo,493.84 ,62.6632,73.3395,8.4284,81.4059,Elio Grasso
332,Clematis ,4.6,Colline Pescaresi,277.26 ,53.2457,40.3772,31.954300000000003,42.778999999999996,Cantina Zaccagnini
333,Psyco Rosso di Toscana ,4.6,Toscana,184.81 ,49.7677,33.1098,-2.5,41.5189,Villa La Ripa
334,Macchiona ,4.6,Emilia,288 ,64.2,45.8902,13.2357,32.5229,La Stoppa
335,Tano ,4.6,Amarone della Valpolicella,599 ,54.1898,40.9526,23.604,47.9361,Cà dei Conti
336,Selecti ,4.6,Veneto Orientale,659.43 ,62.2328,35.1092,13.715499999999999,22.5144,Moletto
337,Acinatico Amarone della Valpolicella Classico ,4.6,Amarone della Valpolicella Classico,459 ,82.5,21.0834,47.4423,19.7667,Stefano Accordini
338,Cipriano Montefalco Sagrantino ,4.6,Montefalco Sagrantino,94.31 ,59.4962,54.2125,2.74327,43.5567,Cantine Rialto
339,Massimo ,4.6,Toscana,213.15 ,40.0,40.0,-2.5,38.36,Castello del Terriccio
340,L'Amarone della Valpolicella Classico ,4.6,Amarone della Valpolicella Classico,445 ,82.5,20.4605,46.0944,21.2923,Buglioni
341,Lunico Barolo Riserva ,4.6,Barolo,758.84 ,65.3142,64.4257,-2.5,82.5,Natale Verga
342,Heletto ,4.6,Veneto,423.25 ,66.4828,35.3329,27.0,23.4717,Garbole
343,Riserva Camporal Amarone della Valpolicella ,4.6,Amarone della Valpolicella,625 ,82.5,19.883000000000003,30.521299999999997,17.7287,Corte San Benedetto
344,Barolo Riserva Serralunga d'Alba ,4.6,Barolo,656.41 ,53.7774,82.5,-2.5,82.5,Rivetto
345,Brunello di Montalcino Vigneti Dei Cottimelli ,4.6,Brunello di Montalcino,479.68 ,46.6107,58.5464,11.0536,58.0286,Fuligni
346,Valpolicella Classico Lena di Mezzo ,4.6,Valpolicella Classico,386.13 ,39.8834,26.636999999999997,21.0735,53.2181,Monte del Frá
347,Barbera d'Alba Scarrone Vigna Vecchia ,4.6,Barbera d'Alba,334.81 ,55.7737,21.7867,10.1734,63.786,Vietti
348,Brunello di Montalcino  Riserva ,4.6,Brunello di Montalcino,540.02 ,46.2375,49.0695,4.02916,57.3758,Altesino
349,Vigna la Mandorla Barbera d'Asti Superiore ,4.6,Barbera d'Asti,522.17 ,63.40089999999999,17.2208,35.6248,56.3424,Luigi Spertino
350,Serego Alighieri Vaio Armaron Amarone della Valpolicella Classico ,4.6,Amarone della Valpolicella,370.95 ,82.5,22.7959,46.4118,21.205,Masi
351,Escol Montepulciano d'Abruzzo Riserva ,4.6,Montepulciano d'Abruzzo Colline Teramane,,40.1873,41.7869,18.8768,62.2581,San Lorenzo
352,Amarone della Valpolicella Riserva ,4.6,Amarone della Valpolicella,297.19 ,82.5,18.2827,47.6125,17.3862,Rocca Sveva
353,Rosso de Véo Umbria ,4.6,Umbria,398.39 ,48.4705,44.9537,3.2797599999999996,44.5571,Paolo Bea
354,Vecchie Vigne Riserva Barolo ,4.6,Barolo,451.85 ,67.2897,74.127,-2.5,82.5,Renato Corino
355,Barbaresco Pora ,4.6,Barbaresco,275.62 ,61.8361,64.4107,-2.5,71.9467,Gigi Bianco
356,Piaggione Brunello di Montalcino Riserva ,4.6,Brunello di Montalcino,1077.29 ,44.9085,43.9683,11.0986,60.2394,Salicutti
357,Bradisismo Veneto Rosso ,4.6,Veneto,193.66 ,65.1061,36.9511,8.6579,24.0131,Inama Azienda Agricola
358,Anghelus Rosso ,4.6,Friuli-Venezia Giulia,170.35 ,40.1596,34.4539,10.0526,44.9291,Conti Dagostino
359,Luce ,4.6,Toscana,707.61 ,49.5657,41.2064,9.2172,43.1351,Luce della Vite
360,Barolo Bricco Rocca ,4.6,Barolo,350 ,61.557599999999994,71.1397,14.529399999999999,79.1888,Cascina Ballarin
361,Barolo Vigna Rionda Ester Canale ,4.6,Barolo,2532.51 ,60.5966,82.5,-2.5,82.5,Giovanni Rosso
362,FSM ,4.6,Toscana,999 ,52.4538,39.1078,23.4834,37.4994,Vicchiomaggio
363,Col di Sasso (Cabernet Sauvignon - Sangiovese) ,4.6,Toscana,108.33 ,41.5593,33.3916,3.25322,40.2402,Banfi
364,Vigna Rionda Barolo ,4.6,Barolo,975 ,58.9762,70.1724,3.01802,80.9324,Luigi Oddero
365, Stelle Sfursat ,4.6,Valtellina,365.57 ,62.939499999999995,73.8169,13.2948,81.3017,Nino Negri
366,Barolo Marcenasco ,4.6,Barolo,662.92 ,61.312,73.7086,3.3434,78.919,Renato Ratti
367,Lux Vitis ,4.6,Toscana,1265.88 ,61.7616,48.2181,18.833000000000002,42.7239,Luce della Vite
368,Empatia ,4.6,Maremma Toscana,816.54 ,41.0465,40.0,-2.5,40.0,Ampeleia
369,Arena Amarone Della Valpolicella Classico ,4.6,Veneto,415.33 ,81.7034,22.125,38.6229,16.8559,Tony Sasa
370,Anfiteatro ,4.6,Colli della Toscana Centrale,509.46 ,43.4949,40.6858,9.3729,44.9422,Vecchie Terre di Montefili
371,Barolo Bussia Vigna Rocche ,4.6,Barolo,665.55 ,57.474,70.752,1.8213800000000004,82.5,Parusso
372,Re del Sole ,4.6,Umbria,250.83 ,60.7581,47.2041,4.532430000000001,36.7622,Leonucci
373,Primitivo di Manduria ,4.6,Primitivo di Manduria,119 ,64.4779,17.43,43.5049,7.254250000000001,Menhir
374,I'Rennero ,4.6,Val di Cornia,417.12 ,45.8255,31.415999999999997,5.28988,43.6454,Gualdo del Re
375,Dante Marramiero Montepulciano d'Abruzzo ,4.6,Montepulciano d'Abruzzo,936.66 ,40.3464,35.8184,10.5504,50.8991,Marramiero
376,El Coston Amarone della Valpolicella Classico ,4.6,Amarone della Valpolicella Classico,247.66 ,82.5,23.4691,46.1697,22.8596,Filippini
377,Chianti Classico ,4.6,Chianti Classico,100.93 ,42.2701,39.4634,4.9652,59.0769,Solatione
378,Vito Arturo ,4.6,Toscana,299 ,50.031000000000006,37.4848,7.10722,46.7432,Fattoria Le Fonti
379,Gattinara ,4.6,Gattinara,299 ,59.8094,75.4186,-1.35611,82.5,Travaglini
380,Il Maestro Barbera d'Asti Superiore ,4.6,Barbera d'Asti,148.23 ,60.4344,15.3538,13.847000000000001,64.6735,Stella Giuseppe
381,Sarmassa Barolo ,4.6,Barolo,329.23 ,61.616299999999995,77.1047,2.4675199999999995,80.9458,Brezza
382,Brunello di Montalcino Riserva Pian di Conte ,4.6,Brunello di Montalcino,364.37 ,40.7697,51.2134,10.5046,61.0312,Talenti
383,Pian dei Tigli Monferrato Rosso ,4.6,Monferrato,210.25 ,65.0,40.7843,7.6912,15.0,Castello di Razzano
384,Tinella Barbera d’Asti Superiore ,4.6,Barbera d'Asti,133.06 ,56.2789,31.4904,4.201919999999999,61.9872,Moretti Adimari
385,Nero D'Avola Terre Siciliane ,4.6,Terre Siciliane,153.63 ,82.5,36.9012,37.4244,22.1919,Salvatore Tamburello
386,San Zeno Amarone Della Valpolicella ,4.6,Amarone della Valpolicella,221.51 ,56.8125,31.875,40.0,31.875,Villa Morago
387,Spinning Beauty Montefalco Sagrantino ,4.6,Montefalco Sagrantino,1074.48 ,41.75,27.5944,1.7055600000000002,31.3667,Arnaldo-Caprai
388,La Rosa Barolo ,4.6,Barolo,335.19 ,60.7277,73.6518,10.2392,81.5955,Fontanafredda
389,Barolo Bricco Rocche ,4.6,Barolo,8007.20 ,61.609300000000005,72.8074,4.98802,82.0199,Ceretto
390,Il Ritrovo ,4.6,Toscana,325.48 ,54.8891,37.7984,-2.5,34.2344,La Casa di Bricciano
391,Pignol Cru ,4.6,Venezia Giulia,580.99 ,58.8044,51.0127,4.23665,36.2546,Bressan
392,Vitae Verona Rosso ,4.6,Verona,147.67 ,57.3443,34.5778,6.398580000000001,19.0142,Corte Fornaledo
393,Sessantaparte ,4.6,Asti,,56.1005,29.3152,16.0679,39.5707,Massimo Penna Viticoltore
394,Old Vines Primitivo di Manduria ,4.5,Primitivo di Manduria,278.37 ,65.9701,23.8392,42.0429,9.0832,Luccarelli
395,Vigne Vecchie Primitivo di Manduria ,4.5,Primitivo di Manduria,288.74 ,66.5284,24.9294,45.2434,13.595600000000001,Terra Rossa
396,Pazzia Primitivo di Manduria ,4.5,Primitivo di Manduria,200 ,65.4415,20.9433,43.733000000000004,9.0024,Luccarelli
397,Campo León Amarone della Valpolicella ,4.5,Amarone della Valpolicella,297 ,82.5,21.0684,47.7442,21.6994,Latium Morini
398,Turriga Isola dei Nuraghi ,4.5,Isola dei Nuraghi,499 ,82.2483,41.9425,26.2637,25.3159,Argiolas
399,Es Primitivo di Manduria ,4.5,Primitivo di Manduria,399 ,66.6797,22.0115,42.4038,10.3952,Gianfranco Fino
400,Kairos ,4.5,Veneto,366.97 ,63.2029,37.7779,24.9223,23.4072,Zýmē
401,Zenith Vigne Vecchie Primitivo di Manduria ,4.5,Primitivo di Manduria,343.13 ,69.7477,37.6285,38.3458,9.8084,Vigneti di Theo
402, Sessantanni Limited Edition Old Vines Primitivo di Manduria ,4.5,Primitivo di Manduria,143.46 ,67.3202,17.4583,44.6006,7.7523,San Marzano
403,La Poja (Monovitigno Corvina Veronese) ,4.5,Verona,495 ,63.143299999999996,36.833,19.6928,21.8013,Allegrini
404,Altero Brunello di Montalcino ,4.5,Brunello di Montalcino,699 ,46.9961,53.1905,4.454839999999999,61.3013,Poggio Antico
405,Amarone della Valpolicella Classico Villa Rizzardi ,4.5,Amarone della Valpolicella Classico,425 ,82.5,21.4925,50.1952,19.7347,Guerrieri Rizzardi
406,Vendemmia d'Artista L'Essenza ,4.5,Bolgheri Superiore,1340.74 ,59.2976,58.6084,-0.5542200000000002,52.5452,Ornellaia
407,Costasera Amarone della Valpolicella Classico ,4.5,Amarone della Valpolicella Classico,751.86 ,82.5,20.6243,46.4299,19.3885,Masi
408, &  ,4.5,Toscana,791.41 ,49.0146,42.8784,8.2964,45.3581,Capannelle
409,Vendemmia d'Artista L'Incanto ,4.5,Bolgheri Superiore,1127.90 ,67.0787,67.9075,14.7106,51.2697,Ornellaia
410,Amarone della Valpolicella Classico Barriques ,4.5,Amarone della Valpolicella Classico,349 ,82.5,20.5279,45.5877,18.0514,Zeni
411,Vürsù Barolo Campè ,4.5,Barolo,1395 ,62.423500000000004,77.0282,7.23803,80.7193,La Spinetta
412,Luce Brunello di Montalcino ,4.5,Brunello di Montalcino,636.11 ,48.1316,55.0672,9.2946,60.3929,Luce della Vite
413,Brunello di Montalcino  Montosoli ,4.5,Brunello di Montalcino,550 ,45.1502,55.2254,3.6742599999999994,63.1425,Altesino
414,Ornato Barolo ,4.5,Barolo,999 ,60.7333,75.7962,4.64421,82.5,Pio Cesare
415,Vendemmia d'Artista Il Carisma ,4.5,Bolgheri Superiore,1264.85 ,57.235,55.3952,-1.29341,46.1736,Ornellaia
416,Campo dei Gigli Amarone della Valpolicella ,4.5,Amarone della Valpolicella,439 ,82.5,23.3266,45.4462,20.1099,Tenuta Sant'Antonio
417,Galatrona ,4.5,Toscana,700 ,50.79600000000001,40.0514,11.5395,42.1604,Petrolo
418,Teroldego ,4.5,Veneto,325 ,64.8321,37.8723,18.805,24.9313,Marion
419,Amarone della Valpolicella Vigna Garzon ,4.5,Amarone della Valpolicella,323.79 ,82.5,19.8855,47.5064,21.5652,Pieropan
420,Le Argille Cabernet ,4.5,Veneto,334.78 ,63.438900000000004,35.5306,20.39,22.7329,47 Anno Domini
421,Gran Masetto Teroldego ,4.5,Trentino,339.98 ,67.6123,34.9056,23.6971,24.363000000000003,Endrizzi
422,Bric Dël Fiasc Barolo ,4.5,Barolo,512.46 ,60.3525,74.4915,5.03815,82.0381,Paolo Scavino
423,Poggio alle Mura Brunello di Montalcino Riserva ,4.5,Brunello di Montalcino,895 ,52.0007,58.4617,11.7888,61.97410000000001,Banfi
424,Vürsù Barbaresco Gallina ,4.5,Barbaresco,995 ,60.8424,68.566,4.15303,82.5,La Spinetta
425,Bosan Amarone della Valpolicella ,4.5,Amarone della Valpolicella,460.32 ,82.1452,20.3527,49.1415,21.3758,Cesari
426,Amanero ,4.5,Sicilia,294.77 ,82.5,36.0982,33.203,16.0691,Selezione Fellini
427,Terre di Cariano Riserva Amarone della Valpolicella Classico ,4.5,Amarone della Valpolicella Classico,257.19 ,82.2981,21.4557,46.95,19.2209,Cecilia Beretta
428,Toscana I Sodi di San Niccolo ,4.5,Toscana,599 ,46.4845,40.9645,9.9861,46.4202,Castellare
429,Inssieme ,4.5,Toscana,364.23 ,57.9509,40.0278,2.3203699999999996,44.3389,Luminosità
430,Lazzarito Barolo (Vigna la Delizia) ,4.5,Barolo,424.60 ,60.0591,63.8647,4.034590000000001,73.3877,Fontanafredda
431,SummuS ,4.5,Toscana,281.85 ,48.0468,40.2148,8.2758,44.7094,Banfi
432,Pegasos Sangiovese Toscana ,4.5,Toscana,1632.34 ,35.7546,41.4537,16.7037,44.0532,Soldera
433,Harimann Montepulciano d'Abruzzo ,4.5,Montepulciano d'Abruzzo,349 ,47.7612,47.9934,8.5517,63.284499999999994,Pasetti
434,Solaria Jonica ,4.5,Puglia,449.32 ,65.0,15.6921,51.1158,5.72986,Antonio Ferrari
435,Barolo Rocche ,4.5,Barolo,670.37 ,58.6936,70.109,10.6144,78.5686,Renato Ratti
436,Vigna Schiena d'Asino Brunello di Montalcino ,4.5,Brunello di Montalcino,825 ,47.1674,56.3258,1.9362300000000001,63.6845,Mastrojanni
437,Brunello di Montalcino Prime Donne Selection ,4.5,Brunello di Montalcino,372 ,46.9081,52.5191,4.877330000000001,60.4624,Donatella Cinelli Colombini
438,Il Sogno ,4.5,Gattinara,484.31 ,63.5009,81.7358,18.3929,82.5,Travaglini
439,Bosan Riserva Amarone della Valpolicella Classico ,4.5,Amarone della Valpolicella Classico,439 ,80.4605,27.3006,51.708999999999996,21.4765,Cesari
440,Fracastoro Riserva Amarone della Valpolicella Classico ,4.5,Valpolicella,260.70 ,80.7693,20.3009,46.8601,23.9857,Villabella
441,Brunello di Montalcino Riserva Pianrosso Santa Caterina d'Oro ,4.5,Brunello di Montalcino,799 ,53.7623,53.9481,5.47405,64.8185,Ciacci Piccolomini d'Aragona
442,Barolo Riserva Rüncot ,4.5,Barolo,1810 ,61.351000000000006,72.8978,3.6392800000000003,82.5,Elio Grasso
443,Giunonico Primitivo di Manduria Riserva ,4.5,Primitivo di Manduria,259 ,69.0213,22.0703,38.2024,6.7088,Vigne di San Donaci
444,Tre Tine Barolo ,4.5,Barolo,4373 ,55.4245,77.9228,2.9611300000000007,82.5,Giuseppe Rinaldi
445,Duemani Cabernet Franc ,4.5,Costa Toscana,1100 ,51.2008,41.4496,11.5595,45.5379,Duemani
446,Giramonte Toscana ,4.5,Toscana,614.51 ,48.49100000000001,35.8446,21.1311,42.5391,Tenuta Castiglioni
447,Barolo Prapò Bricco Rocche ,4.5,Barolo,484.16 ,59.7033,72.1788,4.5759,81.8366,Ceretto
448,Barolo Bussia Cicala ,4.5,Barolo,3314.98 ,61.816100000000006,74.0522,6.806850000000001,78.6802,Aldo Conterno
449,Campo del Maestro Verona ,4.5,Verona,222.71 ,61.77160000000001,34.0946,17.7061,25.8931,Brunelli
450,Testamatta Toscana ,4.5,Toscana,558.64 ,47.9591,39.8681,7.27805,45.3949,Bibi Graetz
451,Lupicaia ,4.5,Toscana,669.63 ,52.7649,41.0241,10.0827,42.6627,Castello del Terriccio
452,Vigna Cappella di S. Stefano Perno Barolo ,4.5,Barolo,1099 ,59.2726,74.6788,3.4101599999999994,79.0465,Rocche dei Manzoni
453,Brunello di Montalcino Ugolaia ,4.5,Brunello di Montalcino,553.11 ,46.5098,53.3168,7.074719999999999,59.0424,Lisini
454,Parva Culpa ,4.5,Puglia,244.13 ,82.2483,35.2752,34.8188,16.1409,Franco Rizzello
455,Barolo Riserva (Cascina Dardi) ,4.5,Barolo,758.84 ,58.958,72.80199999999999,7.06354,82.2752,Alessandro e Gian Natale Fantino
456,Piaggione Brunello di Montalcino ,4.5,Brunello di Montalcino,538.16 ,42.8592,56.4939,6.055289999999999,60.7708,Salicutti
457,Pegrandi Amarone della Valpolicella Classico Riserva ,4.5,Amarone della Valpolicella Classico,662.92 ,82.5,17.1245,46.9807,15.983899999999998,Vaona
458,Vendemmia d'Artista La Tensione ,4.5,Bolgheri Superiore,1324.78 ,62.215500000000006,56.9533,0.20977000000000023,44.431000000000004,Ornellaia
459,Baffonero Maremma Toscana ,4.5,Maremma Toscana,1499 ,53.445,43.9526,14.3828,44.9667,Rocca di Frassinello
460,Vürsù Barbaresco Starderi ,4.5,Barbaresco,1299 ,61.909099999999995,71.9124,7.349919999999999,82.5,La Spinetta
461,Il Bacca Old Vine Primitivo di Manduria ,4.5,Primitivo di Manduria,228.24 ,66.0984,24.2704,40.9258,10.648,Luccarelli
462,Bueno-Cipresso Brunello di Montalcino ,4.5,Brunello di Montalcino,816.95 ,50.7972,52.8881,5.62224,59.0422,Bueno
463,Pipparello Montefalco Rosso Riserva ,4.5,Montefalco,505.90 ,51.1256,40.14,5.0202800000000005,47.5239,Paolo Bea
464,Da Vinci Brunello di Montalcino ,4.5,Brunello di Montalcino,358.16 ,49.7718,55.0189,6.178380000000001,59.9879,Cantine Leonardo da Vinci
465,Dedicato a Walter Bolgheri Superiore ,4.5,Bolgheri Superiore,754.69 ,49.8976,40.5176,9.6976,41.4086,Poggio Al Tesoro
466,Tauleto Sangiovese ,4.5,Sangiovese di Romagna,379 ,50.4853,34.1338,8.2585,39.3219,Umberto Cesari
467,Remo Farina Montefante Amarone della Valpolicella Classico Riserva ,4.5,Amarone della Valpolicella Classico,399 ,82.5,21.0632,47.7677,23.6005,Farina
468,Valpolicella Vigneti di Marcellise ,4.5,Valpolicella,664.70 ,38.7258,31.838700000000003,9.2823,55.3306,Brigaldara
469,Barbaresco Rabajà ,4.5,Barbaresco,700 ,58.0943,66.0479,3.5179,81.3583,Bruno Rocca
470,Campo Masua Amarone della Valpolicella Classico ,4.5,Amarone della Valpolicella Classico,349 ,82.5,22.930999999999997,47.1146,23.47,Venturini
471,Rosso ° ,4.5,Puglia,140.78 ,70.2386,20.0343,35.5645,13.997599999999998,Maccone
472,Rosso di Montalcino ,4.5,Rosso di Montalcino,383.60 ,39.8185,36.914,4.65318,46.7845,Poggio di Sotto
473,Barolo Monvigliero ,4.5,Barolo,2044.63 ,48.6785,69.1627,9.5137,79.3247,Comm. G.B. Burlotto
474,Costasera Amarone della Valpolicella Classico Riserva ,4.5,Amarone della Valpolicella Classico,591.56 ,82.5,21.7327,48.0844,19.3657,Masi
475,Re Noire Primitivo di Manduria ,4.5,Primitivo di Manduria,156.75 ,69.0796,22.497,39.0962,13.3759,Pliniana
476,Barolo Bricco Gattera ,4.5,Barolo,679 ,56.3971,72.1984,7.805,79.9271,Cordero di Montezemolo
477,Barolo Bussia Granbussia ,4.5,Barolo,1180.55 ,59.3168,55.5795,5.46143,55.2008,Aldo Conterno
478,Col de la Bastia Amarone della Valpolicella ,4.5,Amarone della Valpolicella,293.54 ,82.5,19.5059,45.2161,20.1701,Fattori
479,Macchie Terre di Casole Sangiovese ,4.5,Toscana,361.11 ,37.4238,36.9481,10.2462,44.1585,Tenuta delle Macchie
480,Fanòi Primitivo ,4.5,Puglia,385.87 ,65.4026,18.6846,34.0756,7.04796,Cantele
481,Barolo Conca ,4.5,Barolo,510.23 ,64.1303,76.1886,7.30143,80.7594,Mauro Molino
482,Alàuda ,4.5,Toscana,294.26 ,53.3673,37.9584,17.9358,41.815,Ruffino
483,Le Prisonnier Rouge ,4.5,Valle d'Aosta,408.39 ,65.3324,33.9802,9.5412,25.9282,Anselmet
484,Vigneto Tremenel Amarone della Valpolicella ,4.5,Amarone della Valpolicella,720.39 ,82.5,19.6595,42.9942,18.3303,Villa Erbice
485,Mai Dire Mai Valpolicella Superiore ,4.5,Valpolicella,603.48 ,48.3685,31.695099999999996,17.5007,52.9812,Pasqua
486,Gemini Brunello di Montalcino Riserva ,4.5,Brunello di Montalcino,588.10 ,49.0021,57.6618,7.715299999999999,63.154799999999994,La Serena
487,Simpotica Negroamaro ,4.5,Salento,502.76 ,64.6212,42.0984,22.7859,38.5561,Severino Garofano
488,Cerequio Barolo ,4.5,Barolo,2569.75 ,60.9506,78.9231,7.8896,82.5,Roberto Voerzio
489,Paleo ,4.5,Toscana,671.64 ,55.1184,48.2151,10.9384,44.9497,Le Macchiole
490,Es Più Sole ,4.5,Primitivo di Manduria,322.09 ,65.2717,16.9018,49.8199,17.4428,Gianfranco Fino
491,La Serra Barolo ,4.5,Barolo,1700 ,60.9472,77.3002,11.7598,80.3616,Roberto Voerzio
492,Scrio ,4.5,Toscana,633.13 ,49.5247,38.1376,7.11045,42.398999999999994,Le Macchiole
493,Brunello di Montalcino Le Potazzine ,4.5,Brunello di Montalcino,350 ,42.5106,54.4265,0.31061000000000005,62.376900000000006,Le Potazzine
494,Fanino Rosso ,4.5,Sicilia,455.65 ,63.694199999999995,34.5071,19.5609,39.8058,Giotto Bini - Serragghia
495,Della Cima Sagrantino di Montefalco ,4.5,Montefalco Sagrantino,202.38 ,58.2071,47.0718,6.63475,41.7255,Villa Mongalli
496, anni Montefalco Sagrantino ,4.5,Montefalco Sagrantino,1773.13 ,55.1655,50.0426,3.3055900000000005,42.5686,Arnaldo-Caprai
497,Vecchie Vigne Brunello di Montalcino ,4.5,Brunello di Montalcino,669.03 ,43.0882,57.9274,6.158939999999999,63.7124,Siro Pacenti
498,Punta di Villa Amarone della Valpolicella Classico ,4.5,Amarone della Valpolicella Classico,437 ,82.5,17.8613,49.573,19.8614,Roberto Mazzi
499,Stropa Amarone della Valpolicella ,4.5,Amarone della Valpolicella Classico,540.28 ,79.9765,22.0807,49.5242,25.1659,Monte Dall'Ora
500,Vigna Loreto Brunello di Montalcino ,4.5,Brunello di Montalcino,610.78 ,45.278999999999996,56.3047,6.86773,61.1244,Mastrojanni
501,Coste Bianche Amarone della Valpolicella ,4.5,Amarone della Valpolicella,330 ,81.6444,16.151,46.8138,24.6657,Tenute Fiorebelli
502,Barolo Bussia ,4.5,Barolo,578 ,60.8535,74.71600000000001,5.895610000000001,77.2502,Parusso
503,Franchetti ,4.5,Terre Siciliane,899 ,81.5701,45.621,26.6226,28.5959,Passopisciaro
504,Renaia Rosso ,4.5,Umbria,299 ,62.111599999999996,38.2656,7.09083,40.1548,Morami
505,Toscana Palafreno ,4.5,Toscana,857.55 ,48.3072,46.6518,1.72471,46.6268,Querciabella
506, Giornate Barolo ,4.5,Barolo,597.93 ,58.6389,78.3667,-1.38333,77.3222,Moscone Brothers
507,Vigna Colonnello Barolo Riserva Bussia ,4.5,Barolo,766.08 ,58.6585,72.7203,-2.5,78.8534,Prunotto
508,Bueno-Cipresso Brunello di Montalcino Riserva ,4.5,Brunello di Montalcino,943.84 ,67.9375,60.125,6.6875,59.75,Bueno
509,I Quadretti Amarone della Valpolicella Classico ,4.5,Amarone della Valpolicella Classico,495 ,82.5,17.705,47.1773,23.3073,La Giaretta
510,L'Errante ,4.5,Rosso Veronese,609 ,65.0697,32.9457,35.7306,13.3835,Bussola
511,Triumviratum Barolo Riserva ,4.5,Barolo,617.19 ,60.7997,69.7061,2.79899,79.7082,Michele Chiarlo
512,Barolo Ciabot Mentin Ginestra ,4.5,Barolo,521.40 ,64.1942,77.4938,4.352539999999999,82.48,Domenico Clerico
513,Figuranti Brunello di Montalcino ,4.5,Brunello di Montalcino,399.81 ,47.5281,55.1604,6.89147,64.6053,Casanova di Neri
514,Brunate Barolo ,4.5,Barolo,4078.79 ,57.5856,72.0124,12.3704,79.4777,Giuseppe Rinaldi
515,Sapaio Bolgheri Superiore ,4.5,Bolgheri Superiore,399 ,64.017,70.1477,7.365730000000001,52.2731,Podere Sapaio
516,Pietradonice ,4.5,Toscana,484.16 ,52.8857,43.8499,12.8258,42.3824,Casanova di Neri
517,Lama del Tenente ,4.5,Salento,207.35 ,82.5,34.071,34.2928,20.4377,Castel di Salve
518,I Castagni Bolgheri Superiore ,4.5,Bolgheri Superiore,644.45 ,64.2592,62.569,6.7551000000000005,48.6567,Michele Satta
519,Brunello di Montalcino (Campo di Marzo) ,4.5,Brunello di Montalcino,452.17 ,50.345,51.2956,5.4781,60.651,Il Valentiano
520,Petra Toscana (Suvereto) ,4.5,Toscana,319.47 ,51.6052,41.0196,5.626489999999999,44.5932,Petra
521,Kαlòs ,4.5,Bergamasca,240.90 ,62.962500000000006,34.319,24.7219,22.1233,Il Calepino
522,Malandrina ,4.5,Basilicata,140.66 ,79.0441,39.5503,24.1212,26.6451,Masseria Cardillo
523,Brunello di Montalcino (Casato Prime Donne) ,4.5,Brunello di Montalcino,268 ,43.8445,55.1859,4.936789999999999,61.9293,Donatella Cinelli Colombini
524,Papale Linea Oro Primitivo di Manduria ,4.5,Primitivo di Manduria,156.53 ,65.668,18.6574,42.5296,7.169549999999999,Varvaglione
525,Tenuta Greppone Mazzi Brunello di Montalcino ,4.5,Brunello di Montalcino,1233.48 ,42.3253,51.4464,3.11702,59.2703,Ruffino
526,Folle Old Vines Primitivo di Manduria ,4.5,Primitivo di Manduria,186.05 ,66.8396,19.1666,40.4898,5.143439999999999,Luccarelli
527,Castel Amarone della Valpolicella Classico ,4.5,Amarone della Valpolicella Classico,340 ,79.945,18.1088,54.2568,20.3248,Roberto Mazzi
528,Sansi Selezione ,4.5,Barbera d'Asti,222.90 ,59.5926,20.7944,10.3046,64.5051,Scagliola
529,Siepi ,4.5,Toscana,849 ,51.0209,38.3804,10.7174,42.8415,Mazzei
530,Filo di Seta Brunello di Montalcino ,4.5,Brunello di Montalcino,466.28 ,48.1223,63.566,-2.5,65.4469,Castello Romitorio
531,Giorgio Bartholomäus ,4.5,Bolgheri Superiore,823.07 ,52.5212,39.6841,9.7017,40.8746,Tenuta Argentiera
532,Fratta ,4.5,Breganze,319.92 ,63.0029,38.414,18.4753,23.8711,Maculan
533,Dal  Primitivo di Manduria ,4.5,Primitivo di Manduria,294.93 ,65.3592,27.8403,49.7206,11.1184,Terre di San Vincenzo
534,Piovesole Amarone della Valpolicella Classico ,4.5,Amarone della Valpolicella Classico,397.01 ,73.0063,19.7405,41.4188,31.2331,Eleva
535,Collezione Imperatore Brunello Di Montalcino ,4.5,Toscana,672.69 ,45.4167,53.3788,-2.5,61.8485,Marcus Aurelius
536,Messere Sforzato di Valtellina ,4.5,Sforzato della Valtellina,214.45 ,72.2939,45.2939,21.3554,35.7461,Caven
537,Brunello di Montalcino Riserva (Casato Prime Donne) ,4.5,Brunello di Montalcino,528 ,47.2191,58.1515,3.95695,60.4745,Donatella Cinelli Colombini
538,Percarlo ,4.5,Toscana,1773.13 ,47.0053,45.0311,8.9145,45.0173,San Giusto a Rentennano
539,Radaia Maremma Toscana ,4.5,Maremma Toscana,261.84 ,53.1424,32.3159,2.9467,35.0736,Fattoria la Parrina
540,Barolo Pressenda ,4.5,Barolo,409 ,61.0355,75.7128,2.41967,82.5,Abbona
541,Barolo Rocche dell'Annunziata ,4.5,Barolo,536.90 ,58.3409,77.1588,9.755,79.1581,Renato Ratti
542,Il Bosco Amarone Della Valpolicella Classico ,4.5,Amarone della Valpolicella Classico,666.65 ,81.7927,25.5038,43.8219,22.6144,Cesari
543,Pozzo del Curato Sagrantino di Montefalco ,4.5,Montefalco Sagrantino,194.96 ,58.653,46.2086,10.0237,40.803999999999995,Villa Mongalli
544,Le Lucére Brunello di Montalcino ,4.5,Brunello di Montalcino,895 ,44.4278,51.9048,5.299639999999999,62.02889999999999,San Filippo
545,Dagromis Barolo ,4.5,Barolo,882.28 ,61.3678,73.6314,3.5632900000000003,81.2723,Gaja
546,Galileo Colli Pesaresi Sangiovese Riserva ,4.5,Colli Pesaresi,112.40 ,45.3713,31.699599999999997,16.5467,43.5717,Guerrieri
547,Brachetto ,4.5,Piemonte,107.36 ,62.772999999999996,38.2792,42.413999999999994,19.0119,Bera
548,Schidione ,4.5,Toscana,639.38 ,54.0607,40.1658,7.21204,45.0709,Jacopo Biondi-Santi
549,Cěrǎsum Riserva Amarone della Valpolicella ,4.5,Amarone della Valpolicella,397.95 ,82.5,21.8704,49.0081,18.2639,Casa Vinicola Bennati
550,Gallina Barbaresco ,4.5,Barbaresco,424.57 ,53.9729,59.9417,8.7693,82.5,Piero Busso
551,Nero di Serramarrocco ,4.5,Terre Siciliane,212.87 ,75.2251,40.4993,17.8522,31.4073,Barone di Serramarrocco
552,Franci Brunello di Montalcino ,4.5,Brunello di Montalcino,669.05 ,46.662,54.3975,5.6793499999999995,61.8707,Tassi
553,Alivio Barbaresco Riserva ,4.5,Barbaresco,330.75 ,57.0491,56.4039,-2.5,73.7188,Rocche dei Barbari
554,Amaë Volpaiole ,4.5,Toscana,418.92 ,53.47,43.1145,5.919089999999999,46.0818,Fuori Mondo
555,Vigneto Bellavista Chianti Classico ,4.5,Chianti Classico,1117.28 ,44.1038,59.0286,11.5852,62.601699999999994,Castello di Ama
556,Aleatico Superiore ,4.5,Sovana,700 ,47.9767,37.3372,21.0163,44.4581,Antinori
557,Brunello di Montalcino - Riserva Elia ,4.5,Brunello di Montalcino,348 ,41.7008,54.3993,4.57998,55.2601,Collelceto
558,Poggio Alle Vipere ,4.5,Val di Cornia,568.71 ,59.9992,33.7669,26.0054,33.5399,Russo
559,Grandi Annate Vino Nobile di Montepulciano ,4.5,Vino Nobile di Montepulciano,540.77 ,52.2658,54.1284,3.8153300000000003,63.047799999999995,Avignonesi
560,Saporoia Brunello di Montalcino ,4.5,Brunello di Montalcino,183.61 ,44.7752,59.0516,4.981339999999999,59.092,Baccinetti
561,Parceto ,4.5,Vino Nobile di Montepulciano,260.15 ,51.4805,51.5757,1.97077,62.4015,Poggio Alla Sala
562,Villa Antinori Sea-Cargo ,4.5,Toscana,594.35 ,53.75,42.4211,-2.5,42.0066,Antinori
563,Case Nere Barolo ,4.5,Barolo,390 ,60.4656,69.7133,9.0073,76.38,Enzo Boglietti
564,Ambrosan Amarone della Valpolicella Classico ,4.5,Amarone della Valpolicella Classico,391.27 ,82.4391,24.1878,47.9782,20.1339,Nicolis
565,Barbaresco Albesani Santo Stefano ,4.5,Barbaresco,1242.87 ,58.1661,65.1604,7.7959,82.5,Bruno Giacosa
566,Il Maestro Amarone della Valpolicella ,4.5,Amarone della Valpolicella,349.12 ,82.5,20.0533,50.739,17.8842,Monte Faustino
567,Vino Sbagliato Sforzato di Valtellina ,4.5,Sforzato della Valtellina,528.10 ,68.7082,76.2696,15.075500000000002,74.2359,Dirupi
568, Anniversario Primitivo di Manduria Riserva ,4.5,Primitivo di Manduria,215.26 ,66.8021,18.0187,42.9705,7.818899999999999,San Marzano
569,Querceto Romantic ,4.5,Colli della Toscana Centrale,600 ,48.2991,36.586999999999996,2.0145099999999996,42.2835,Castello di Querceto
570,Cardisco ,4.5,Toscana,220.50 ,41.4527,47.573,4.811730000000001,49.8971,I Selvatici
571,Duca Enrico Rosso ,4.5,Terre Siciliane,409.67 ,81.8998,37.4554,27.7371,24.2491,Duca di Salaparuta
572,Rongalio Barbaresco Riserva ,4.5,Barbaresco,669 ,58.6351,69.5394,-2.5,82.5,Orlando Abrigo
573,Barolo Vigneto Brunate ,4.5,Barolo,436.78 ,60.9362,76.3423,0.8562199999999995,81.6373,Andrea Oberto
574,Amarone Classico Monte Danieli ,4.5,Amarone della Valpolicella Classico,355 ,81.6672,28.6986,40.9264,25.3259,Corte Rugolin
575,Casa Erbisti Amarone della Valpolicella ,4.5,Amarone della Valpolicella,287.91 ,82.5,30.2027,51.4865,18.8851,Monte Cillario
576,Brunello di Montalcino Riserva Vigna Paganelli ,4.5,Brunello di Montalcino,549 ,48.6868,58.5695,4.939369999999999,61.831999999999994,Tenuta Il Poggione
577,Damo Vino Nobile di Montepulciano ,4.5,Vino Nobile di Montepulciano,295 ,46.9152,60.0263,7.377189999999999,62.416700000000006,Montemercurio
578,Sangue di Giuda ,4.5,Sangue di Giuda dell'Oltrepo Pavese,120.15 ,61.9371,37.4862,41.9843,17.3048,Ca'Montebello di Scarani Luigi
579,Torraia ,4.5,Toscana,342.64 ,45.9493,29.2138,9.4022,40.9167,Luiz Barichello
580,Larigi Langhe Rosso ,4.5,Langhe,679 ,60.0436,35.9212,15.872399999999999,23.0015,Elio Altare
581,Matteo Biagi Montepulciano d'Abruzzo Colline Teramane Riserva ,4.5,Montepulciano d'Abruzzo Colline Teramane,246.89 ,47.4216,37.6863,24.9412,63.039199999999994,Biagi
582,Auritea Cabernet Franc ,4.5,Costa Toscana,376.25 ,59.6753,53.3492,2.61313,47.0363,Azienda Agricola Lunelli
583,Corte Bure Amarone della Valpolicella Classico ,4.5,Amarone della Valpolicella Classico,383.14 ,74.9237,17.7582,51.1849,17.8031,Monte Faustino
584,Ròinos ,4.5,Aglianico del Vulture,307.52 ,82.3066,46.1193,24.9237,27.4743,Eubea
585,Brolo del Figaretto Amarone della Valpolicella Valpantena ,4.5,Amarone della Valpolicella Valpantena,192.40 ,82.5,22.6131,43.5986,25.3783,Corte Figaretto
586,Canubbi Barolo ,4.5,Barolo,,64.2459,76.5004,-0.88394,80.0195,Bartolo Mascarello
587,Barolo Ginestra Vigna del Gris ,4.5,Barolo,6167.41 ,62.4949,74.937,2.0951500000000003,81.2491,Conterno Fantino
588,Vigna Farsina ,4.5,Toscana,350 ,56.3178,42.8238,0.20029999999999992,44.3871,I Sodi
589,Barolo Vigna Rionda ,4.5,Barolo,695 ,61.18899999999999,76.8648,7.5207999999999995,82.5,Pira Luigi
590,Maggiarino Vino Nobile di Montepulciano ,4.5,Vino Nobile di Montepulciano,533.94 ,53.8784,65.0,-2.5,66.1486,La Braccesca
591,Vigna d'La Roul ,4.5,Barolo,1299 ,60.2286,74.7098,2.87828,81.5143,Rocche dei Manzoni
592,Pàtrimo ,4.5,Campania,633.13 ,81.4653,41.6081,29.6387,23.6409,Feudi di San Gregorio
593,Coparossa Barbaresco ,4.5,Barbaresco,543.74 ,55.5066,65.3321,1.1071,82.5,Bruno Rocca
594,La Mandria del Pari Cabernet Sauvignon ,4.5,Toscana,,53.1947,42.3737,-2.5,41.1,Cantine Russo
595,Ferro ,4.5,Toscana,707.61 ,52.2698,42.1173,8.2858,41.2797,Collazzi
596,Vigna Piaggia Brunello di Montalcino ,4.5,Brunello di Montalcino,205.91 ,44.0162,54.5281,-0.1395200000000001,63.58240000000001,Abbadia Ardenga
597,Amarone Della Valpolicella Classico ,4.5,Amarone della Valpolicella Classico,500 ,81.7151,22.9197,44.7198,24.0607,Fabiano
598,Heritage ,4.5,Valle d'Aosta,243.70 ,71.3905,33.7676,38.0797,26.2743,Lo Triolet
599,Maravita Perricone ,4.5,Sicilia,349.02 ,82.5,44.5792,12.9101,32.8381,Castellucci Miano
